year,failure_count,large_scale_failure_count,large_scale_ratio
2018,68,11,0.16176470588235295
2019,90,18,0.2
2020,92,14,0.15217391304347827
2021,16,3,0.1875
