region_name,size,ratio
N. Virginia,95,0.35714285714285715
Global,56,0.21052631578947367
Oregon,22,0.08270676691729323
Ireland,17,0.06390977443609022
Sydney,9,0.03383458646616541
Sao Paulo,9,0.03383458646616541
Tokyo,8,0.03007518796992481
Frankfurt,7,0.02631578947368421
Ohio,6,0.022556390977443608
N. California,6,0.022556390977443608
London,6,0.022556390977443608
Seoul,5,0.018796992481203006
Singapore,4,0.015037593984962405
US-East,4,0.015037593984962405
US-West,4,0.015037593984962405
Mumbai,3,0.011278195488721804
Paris,2,0.007518796992481203
Hong Kong,2,0.007518796992481203
Montreal,1,0.0037593984962406013
