,failure_time_stats(min),learge_scale_failure_time_stats(min)
count,371.0,46.0
mean,209.8167115902965,191.1213909279127
std,228.5733753878263,170.69999926514456
min,1.0,19.0
25%,71.0,94.66666666666667
50%,129.0,127.0
75%,242.0,212.41666666666666
max,1354.0,924.6363636363636
