,failure_time_stats(min),learge_scale_failure_time_stats(min)
count,370.0,46.0
mean,210.25405405405405,191.1213909279127
std,228.72739788773822,170.69999926514456
min,1.0,19.0
25%,71.25,94.66666666666667
50%,129.5,127.0
75%,242.5,212.41666666666666
max,1354.0,924.6363636363636
